id;timestamp;cpu_uso;cpu_frecuencia;mem_fisica;mem_swap;interface_nombre;data_down;data_up;conexiones_activas;disk_uso_percent;procesos_nombres;procesos_cpu_uso;procesos_memoria
1;2025-04-10 11:01:26;60.98,58.98;2300,2300;81.0;41.0;Wi-Fi 2,Ethernet 2,Wi-Fi 2-VirtualBox NDIS Light-Weight Filter-0000;118.43,0.00,118.43;5.54,0.00,5.54;86;19.572050094604492;Registry,Spotify.exe,svchost.exe,WidgetService.exe,MsMpEng.exe;0.00,0.00,0.00,0.00,0.00;0.00,13.71,11.95,22.58,0.00
2;2025-04-10 11:06:27;90.16,87.92;2300,2300;80.0;42.0;Wi-Fi 2,Wi-Fi 2-VirtualBox NDIS Light-Weight Filter-0000,Ethernet 2;126.67,126.67,0.00;6.38,6.38,0.00;101;19.575233459472656;ctfmon.exe,firefox.exe,svchost.exe,MicrosoftEdgeUpdate.exe,StartMenuExperienceHost.exe;0.00,0.00,0.00,0.00,0.00;25.50,16.17,0.00,0.00,34.55
3;2025-04-10 11:06:53;57.89,60.80;2300,2300;81.0;44.0;Ethernet 2,Wi-Fi 2-VirtualBox NDIS Light-Weight Filter-0000,Wi-Fi 2;0.00,126.68,126.68;0.00,6.38,6.38;99;19.575233459472656;svchost.exe,Dell.Update.SubAgent.exe,winlogon.exe,Dell.D3.WinSvc.exe,Code.exe;0.00,0.00,0.00,0.00,0.00;0.00,0.00,0.00,0.00,96.87
4;2025-04-10 11:11:22;78.24,92.57;2300,2300;82.0;44.0;Ethernet 2,Wi-Fi 2,Wi-Fi 2-VirtualBox NDIS Light-Weight Filter-0000;0.00,138.29,138.29;0.00,6.96,6.96;94;19.57624053955078;NisSrv.exe,Spotify.exe,PubPlatform.exe,svchost.exe,sihost.exe;0.00,0.00,0.00,0.00,0.00;0.00,82.93,12.68,0.00,23.94
5;2025-04-10 11:11:30;41.61,85.13;2300,2300;82.0;44.0;Wi-Fi 2-VirtualBox NDIS Light-Weight Filter-0000,Wi-Fi 2,Ethernet 2;138.31,138.31,0.00;6.97,6.97,0.00;95;19.57624053955078;csrss.exe,svchost.exe,dasHost.exe,firefox.exe,OfficeClickToRun.exe;0.00,0.00,0.00,0.00,0.00;0.00,0.00,0.00,28.01,0.00
6;2025-04-10 12:10:42;100.00,100.00;2300,2300;54.0;0.0;Wi-Fi 2-VirtualBox NDIS Light-Weight Filter-0000,Wi-Fi 2,Ethernet 2;0.23,0.23,0.00;0.11,0.11,0.00;59;19.562936782836914;explorer.exe,CrossDeviceService.exe,SearchHost.exe,svchost.exe,StartMenuExperienceHost.exe;5.19,3.08,2.99,2.24,1.84;165.16,73.23,167.69,43.63,106.05
7;2025-04-10 12:11:12;100.00,100.00;2300,2300;63.0;0.0;Ethernet 2,Wi-Fi 2-VirtualBox NDIS Light-Weight Filter-0000,Wi-Fi 2;0.00,2.55,2.55;0.00,0.46,0.46;144;19.56415557861328;Spotify.exe,Spotify.exe,explorer.exe,CrossDeviceService.exe,SearchHost.exe;11.46,8.42,4.01,2.19,2.13;347.55,218.70,158.84,72.61,164.93
8;2025-04-10 12:15:43;99.97,2.41;2300,2300;81.0;0.0;Wi-Fi 2-VirtualBox NDIS Light-Weight Filter-0000,Wi-Fi 2,Ethernet 2;4.15,4.15,0.00;1.08,1.08,0.00;107;19.562780380249023;Spotify.exe,Spotify.exe,explorer.exe,msedge.exe,Copilot.exe;6.63,2.79,1.80,1.06,0.98;241.12,218.18,310.51,177.47,185.66
9;2025-04-10 12:16:12;80.96,14.05;2300,2300;82.0;0.0;Ethernet 2,Wi-Fi 2,Wi-Fi 2-VirtualBox NDIS Light-Weight Filter-0000;0.00,4.19,4.19;0.00,1.10,1.10;107;19.563199996948242;Spotify.exe,Spotify.exe,explorer.exe,msedge.exe,Copilot.exe;6.18,2.65,1.70,1.07,0.91;256.99,218.69,312.14,177.64,185.87
10;2025-04-10 12:20:44;99.93,100.00;2300,2300;86.0;0.0;Ethernet 2,Wi-Fi 2,Wi-Fi 2-VirtualBox NDIS Light-Weight Filter-0000;0.00,10.61,10.61;0.00,1.54,1.54;101;19.560649871826172;Spotify.exe,Spotify.exe,explorer.exe,msedge.exe,Copilot.exe;3.94,1.77,1.06,0.88,0.54;253.92,220.16,318.34,178.33,185.46
11;2025-04-10 12:21:13;99.98,99.99;2300,2300;86.0;0.0;Wi-Fi 2,Wi-Fi 2-VirtualBox NDIS Light-Weight Filter-0000,Ethernet 2;10.81,10.81,0.00;1.58,1.58,0.00;112;19.563142776489258;Spotify.exe,Spotify.exe,explorer.exe,msedge.exe,Copilot.exe;3.78,1.71,1.03,0.84,0.52;253.91,220.27,322.81,178.29,186.45
12;2025-04-10 12:25:45;99.76,99.58;2300,2300;87.0;0.0;Wi-Fi 2-VirtualBox NDIS Light-Weight Filter-0000,Ethernet 2,Wi-Fi 2;84.48,0.00,84.48;3.41,0.00,3.41;92;19.584545135498047;Spotify.exe,Spotify.exe,explorer.exe,msedge.exe,Copilot.exe;2.99,1.40,0.87,0.61,0.38;260.65,220.93,336.29,177.85,186.49
13;2025-04-10 12:26:14;59.28,44.43;2300,2300;87.0;0.0;Wi-Fi 2,Ethernet 2,Wi-Fi 2-VirtualBox NDIS Light-Weight Filter-0000;84.51,0.00,84.51;3.44,0.00,3.44;92;19.587173461914062;Spotify.exe,Spotify.exe,explorer.exe,msedge.exe,Copilot.exe;2.92,1.39,0.88,0.60,0.37;261.38,218.75,338.88,179.21,186.50
14;2025-04-10 12:30:47;42.75,31.18;2300,2300;87.0;3.0;Wi-Fi 2-VirtualBox NDIS Light-Weight Filter-0000,Wi-Fi 2,Ethernet 2;116.99,116.99,0.00;52.10,52.10,0.00;87;19.6019344329834;Spotify.exe,msedge.exe,Spotify.exe,msedge.exe,audiodg.exe;2.53,2.50,1.22,1.22,0.97;255.63,709.64,160.35,145.30,45.00
15;2025-04-10 12:35:48;41.59,100.00;2300,2300;79.0;3.0;Wi-Fi 2-VirtualBox NDIS Light-Weight Filter-0000,Wi-Fi 2,Ethernet 2;133.50,133.50,0.00;52.49,52.49,0.00;80;19.601871490478516;msedge.exe,audiodg.exe,Spotify.exe,msedge.exe,Spotify.exe;2.76,2.61,2.09,1.83,1.04;414.92,29.52,233.39,139.75,158.61
16;2025-04-10 12:40:49;69.76,59.97;2300,2300;79.0;3.0;Wi-Fi 2,Ethernet 2,Wi-Fi 2-VirtualBox NDIS Light-Weight Filter-0000;149.14,0.00,149.14;52.88,0.00,52.88;93;19.6016902923584;audiodg.exe,msedge.exe,msedge.exe,Spotify.exe,Spotify.exe;3.76,2.90,2.25,1.78,0.92;29.52,434.58,134.72,252.22,158.66
17;2025-04-10 12:45:50;47.51,78.21;2300,2300;79.0;3.0;Wi-Fi 2-VirtualBox NDIS Light-Weight Filter-0000,Wi-Fi 2,Ethernet 2;164.98,164.98,0.00;53.46,53.46,0.00;83;19.601730346679688;audiodg.exe,msedge.exe,msedge.exe,Spotify.exe,Spotify.exe;4.55,3.00,2.50,1.57,0.84;29.52,451.78,134.71,229.95,157.95
18;2025-04-10 12:50:52;69.40,60.95;2300,2300;80.0;4.0;Wi-Fi 2-VirtualBox NDIS Light-Weight Filter-0000,Ethernet 2,Wi-Fi 2;180.43,0.00,180.43;53.85,0.00,53.85;86;19.601823806762695;audiodg.exe,msedge.exe,msedge.exe,Spotify.exe,Spotify.exe;5.14,3.13,2.73,1.65,0.85;29.52,459.57,135.34,253.86,159.97
19;2025-04-10 12:55:53;67.34,68.13;2300,2300;81.0;4.0;Wi-Fi 2-VirtualBox NDIS Light-Weight Filter-0000,Ethernet 2,Wi-Fi 2;195.99,0.00,195.99;54.23,0.00,54.23;84;19.601940155029297;audiodg.exe,msedge.exe,msedge.exe,Spotify.exe,Spotify.exe;5.63,3.25,2.92,1.54,0.80;29.53,480.89,131.01,240.08,160.18
20;2025-04-10 13:00:53;54.91,79.57;2300,2300;80.0;4.0;Wi-Fi 2,Ethernet 2,Wi-Fi 2-VirtualBox NDIS Light-Weight Filter-0000;210.53,0.00,210.53;54.60,0.00,54.60;85;19.602067947387695;audiodg.exe,msedge.exe,msedge.exe,Spotify.exe,Spotify.exe;6.02,3.31,3.04,1.42,0.76;29.53,492.17,130.07,252.91,159.79
21;2025-04-10 13:05:55;67.20,63.94;2300,2300;79.0;4.0;Wi-Fi 2-VirtualBox NDIS Light-Weight Filter-0000,Wi-Fi 2,Ethernet 2;226.50,226.50,0.00;54.96,54.96,0.00;83;19.60207748413086;audiodg.exe,msedge.exe,msedge.exe,Spotify.exe,Spotify.exe;6.34,3.35,3.17,1.32,0.72;29.53,495.28,128.70,227.96,158.72
22;2025-04-10 13:10:55;99.84,99.70;2300,2300;80.0;4.0;Wi-Fi 2-VirtualBox NDIS Light-Weight Filter-0000,Wi-Fi 2,Ethernet 2;241.38,241.38,0.00;55.33,55.33,0.00;84;19.602144241333008;audiodg.exe,msedge.exe,msedge.exe,Spotify.exe,Spotify.exe;6.61,3.37,3.25,1.24,0.68;29.53,512.17,128.87,232.59,157.92
23;2025-04-10 13:15:56;65.45,63.24;2300,2300;81.0;4.0;Ethernet 2,Wi-Fi 2-VirtualBox NDIS Light-Weight Filter-0000,Wi-Fi 2;0.00,257.76,257.76;0.00,55.75,55.75;86;19.602188110351562;audiodg.exe,msedge.exe,msedge.exe,Spotify.exe,Spotify.exe;6.85,3.42,3.31,1.19,0.66;29.53,536.39,129.27,238.07,158.02
24;2025-04-10 13:21:01;19.89,6.99;2300,2300;96.0;40.0;Wi-Fi 2,Ethernet 2,Wi-Fi 2-VirtualBox NDIS Light-Weight Filter-0000;262.38,0.00,262.38;57.29,0.00,57.29;96;19.614177703857422;audiodg.exe,Spotify.exe,Spotify.exe,rust-analyzer.exe,firefox.exe;6.46,1.12,0.66,0.63,0.38;21.88,111.66,86.50,1161.91,264.91
25;2025-04-10 13:26:03;78.54,79.58;2300,2300;95.0;46.0;Wi-Fi 2-VirtualBox NDIS Light-Weight Filter-0000,Ethernet 2,Wi-Fi 2;264.82,0.00,264.82;58.16,0.00,58.16;97;19.61457633972168;WindowsTerminal.exe,rust-analyzer.exe,firefox.exe,firefox.exe,firefox.exe;2.70,0.63,0.56,0.34,0.32;39.81,1302.11,285.86,299.82,129.61
26;2025-04-10 13:31:05;53.52,29.43;2300,2300;93.0;47.0;Wi-Fi 2-VirtualBox NDIS Light-Weight Filter-0000,Ethernet 2,Wi-Fi 2;265.91,0.00,265.91;58.69,0.00,58.69;95;19.60868263244629;firefox.exe,Spotify.exe,Spotify.exe,rust-analyzer.exe,firefox.exe;1.02,1.00,0.59,0.59,0.46;325.02,161.66,63.27,1302.12,110.75
27;2025-04-10 13:36:06;69.06,85.73;2300,2300;93.0;48.0;Wi-Fi 2,Ethernet 2,Wi-Fi 2-VirtualBox NDIS Light-Weight Filter-0000;267.17,0.00,267.17;59.20,0.00,59.20;101;19.60887336730957;firefox.exe,Spotify.exe,Spotify.exe,rust-analyzer.exe,firefox.exe;1.09,0.96,0.57,0.55,0.52;312.24,190.94,63.59,1302.25,123.00
28;2025-04-10 13:41:07;25.36,75.26;2300,2300;94.0;48.0;Wi-Fi 2-VirtualBox NDIS Light-Weight Filter-0000,Ethernet 2,Wi-Fi 2;268.20,0.00,268.20;59.66,0.00,59.66;93;19.60881233215332;firefox.exe,Spotify.exe,firefox.exe,Spotify.exe,rust-analyzer.exe;1.18,0.91,0.57,0.54,0.52;317.63,175.26,132.93,63.72,1302.59
29;2025-04-10 13:52:41;19.90,22.79;2300,2300;84.0;42.0;Wi-Fi 2-VirtualBox NDIS Light-Weight Filter-0000,Wi-Fi 2,Ethernet 2;295.67,295.67,0.00;61.92,61.92,0.00;87;19.66378402709961;firefox.exe,Code.exe,Spotify.exe,Code.exe,firefox.exe;1.26,0.95,0.82,0.76,0.60;257.46,250.77,126.28,112.77,58.97
30;2025-04-10 13:57:48;62.39,53.74;2300,2300;96.0;72.0;Ethernet 2,Wi-Fi 2-VirtualBox NDIS Light-Weight Filter-0000,Wi-Fi 2;0.00,296.42,296.42;0.00,63.05,63.05;114;19.66665267944336;rust-analyzer.exe,rust-analyzer.exe,Code.exe,Code.exe,Code.exe;0.39,0.28,0.22,0.16,0.05;1162.71,112.26,210.52,347.17,63.88
31;2025-04-10 14:02:49;57.19,45.83;2300,2300;76.0;44.0;Wi-Fi 2,Wi-Fi 2-VirtualBox NDIS Light-Weight Filter-0000,Ethernet 2;296.98,296.98,0.00;63.55,63.55,0.00;95;19.670040130615234;firefox.exe,Code.exe,Code.exe,Spotify.exe,firefox.exe;1.56,1.34,1.18,0.76,0.68;259.54,236.61,77.31,149.34,44.68
32;2025-04-10 14:07:52;76.48,80.06;2300,2300;81.0;69.0;Wi-Fi 2,Ethernet 2,Wi-Fi 2-VirtualBox NDIS Light-Weight Filter-0000;298.30,0.00,298.30;65.82,0.00,65.82;106;19.669496536254883;firefox.exe,Code.exe,Code.exe,Spotify.exe,firefox.exe;1.52,1.49,1.47,0.73,0.68;164.70,91.81,215.90,65.66,58.52
33;2025-04-10 14:12:55;47.09,33.81;2300,2300;89.0;70.0;Wi-Fi 2,Wi-Fi 2-VirtualBox NDIS Light-Weight Filter-0000,Ethernet 2;298.80,298.80,0.00;66.45,66.45,0.00;104;19.67042350769043;Code.exe,firefox.exe,Code.exe,Spotify.exe,firefox.exe;1.73,1.69,1.62,0.72,0.72;85.46,280.86,238.54,180.13,73.94
34;2025-04-10 14:17:56;82.92,95.88;2300,2300;87.0;70.0;Wi-Fi 2-VirtualBox NDIS Light-Weight Filter-0000,Wi-Fi 2,Ethernet 2;299.38,299.38,0.00;66.95,66.95,0.00;99;19.673561096191406;Code.exe,Code.exe,firefox.exe,firefox.exe,Spotify.exe;2.01,1.85,1.80,0.74,0.70;66.87,249.46,304.28,71.17,157.09
35;2025-04-10 14:22:56;84.89,95.80;2300,2300;83.0;71.0;Wi-Fi 2,Ethernet 2,Wi-Fi 2-VirtualBox NDIS Light-Weight Filter-0000;299.85,0.00,299.85;67.43,0.00,67.43;94;19.692272186279297;Code.exe,firefox.exe,Code.exe,firefox.exe,Spotify.exe;2.19,1.97,1.85,0.76,0.68;84.16,293.48,229.24,68.47,117.32
36;2025-04-10 14:27:57;99.73,99.09;2300,2300;81.0;72.0;Ethernet 2,Wi-Fi 2-VirtualBox NDIS Light-Weight Filter-0000,Wi-Fi 2;0.00,300.28,300.28;0.00,67.80,67.80;91;19.693803787231445;Code.exe,firefox.exe,Code.exe,firefox.exe,Code.exe;2.38,2.00,1.88,0.75,0.75;90.80,294.47,228.45,68.75,223.46
37;2025-04-10 14:32:58;87.59,98.47;2300,2300;82.0;71.0;Ethernet 2,Wi-Fi 2,Wi-Fi 2-VirtualBox NDIS Light-Weight Filter-0000;0.00,300.52,300.52;0.00,67.95,67.95;90;19.693857192993164;Code.exe,Code.exe,firefox.exe,Code.exe,firefox.exe;2.43,1.94,1.93,0.73,0.73;71.73,253.09,289.47,184.18,68.76
38;2025-04-10 14:37:59;99.14,98.89;2300,2300;76.0;53.0;Ethernet 2,Wi-Fi 2,Wi-Fi 2-VirtualBox NDIS Light-Weight Filter-0000;0.00,300.91,300.91;0.00,68.36,68.36;85;19.69257926940918;Code.exe,firefox.exe,Code.exe,firefox.exe,firefox.exe;2.41,2.10,1.94,0.77,0.69;90.25,317.62,257.23,49.38,224.13
39;2025-04-10 14:43:01;100.00,100.00;2300,2300;82.0;55.0;Wi-Fi 2-VirtualBox NDIS Light-Weight Filter-0000,Wi-Fi 2,Ethernet 2;301.30,301.30,0.00;68.77,68.77,0.00;97;19.692781448364258;Code.exe,firefox.exe,Code.exe,firefox.exe,firefox.exe;2.65,2.35,2.17,0.81,0.73;90.92,316.99,254.75,49.84,209.68
40;2025-04-10 14:48:02;26.42,100.00;2300,2300;81.0;54.0;Wi-Fi 2,Ethernet 2,Wi-Fi 2-VirtualBox NDIS Light-Weight Filter-0000;306.42,0.00,306.42;69.32,0.00,69.32;86;19.693065643310547;Code.exe,Code.exe,firefox.exe,firefox.exe,firefox.exe;2.98,2.56,2.38,0.82,0.74;77.12,244.12,318.96,49.48,203.89
41;2025-04-10 14:53:03;100.00,100.00;2300,2300;83.0;54.0;Wi-Fi 2-VirtualBox NDIS Light-Weight Filter-0000,Wi-Fi 2,Ethernet 2;306.76,306.76,0.00;69.44,69.44,0.00;81;19.825069427490234;Code.exe,Code.exe,firefox.exe,firefox.exe,firefox.exe;2.89,2.49,2.31,0.79,0.72;57.39,230.09,314.73,65.31,188.58
42;2025-04-10 14:58:04;100.00,100.00;2300,2300;79.0;54.0;Wi-Fi 2-VirtualBox NDIS Light-Weight Filter-0000,Wi-Fi 2,Ethernet 2;307.44,307.44,0.00;69.58,69.58,0.00;80;19.904144287109375;Code.exe,Code.exe,firefox.exe,firefox.exe,firefox.exe;2.80,2.41,2.25,0.77,0.71;56.47,226.78,306.41,63.60,185.07
43;2025-04-10 15:03:05;58.97,57.80;2300,2300;79.0;52.0;Wi-Fi 2,Ethernet 2,Wi-Fi 2-VirtualBox NDIS Light-Weight Filter-0000;307.72,0.00,307.72;69.73,0.00,69.73;85;19.897451400756836;Code.exe,Code.exe,firefox.exe,firefox.exe,firefox.exe;2.72,2.35,2.18,0.75,0.69;56.58,225.85,306.94,64.00,185.41
44;2025-04-10 15:08:06;2.54,100.00;2300,2300;80.0;53.0;Wi-Fi 2-VirtualBox NDIS Light-Weight Filter-0000,Ethernet 2,Wi-Fi 2;307.92,0.00,307.92;69.85,0.00,69.85;83;19.897480010986328;Code.exe,Code.exe,firefox.exe,firefox.exe,firefox.exe;2.65,2.28,2.12,0.72,0.68;56.58,226.12,307.75,64.02,189.40
45;2025-04-10 16:19:11;88.52,94.96;2300,2300;86.0;55.0;Wi-Fi 2,Ethernet 2,Wi-Fi 2-VirtualBox NDIS Light-Weight Filter-0000;308.11,0.00,308.11;69.95,0.00,69.95;101;19.899513244628906;firefox.exe,msedge.exe,msedge.exe,Spotify.exe,LockApp.exe;30.63,30.63,9.01,3.59,2.40;234.77,128.45,56.56,97.70,39.96
46;2025-04-10 16:24:14;53.11,84.62;2300,2300;85.0;53.0;Wi-Fi 2-VirtualBox NDIS Light-Weight Filter-0000,Ethernet 2,Wi-Fi 2;309.03,0.00,309.03;70.57,0.00,70.57;93;19.89739990234375;Code.exe,Code.exe,firefox.exe,firefox.exe,firefox.exe;2.54,2.18,2.04,0.71,0.70;57.26,231.33,308.30,233.42,43.44
47;2025-04-10 16:29:15;47.32,100.00;2300,2300;81.0;54.0;Ethernet 2,Wi-Fi 2-VirtualBox NDIS Light-Weight Filter-0000,Wi-Fi 2;0.00,309.62,309.62;0.00,70.76,70.76;92;19.897418975830078;Code.exe,Code.exe,firefox.exe,Spotify.exe,firefox.exe;2.47,2.13,1.99,0.74,0.70;54.21,227.85,247.02,184.55,212.03
48;2025-04-11 07:07:42;100.00,100.00;2300,2300;88.0;57.0;Ethernet 2,Wi-Fi 2-VirtualBox NDIS Light-Weight Filter-0000,Wi-Fi 2;0.00,310.85,310.85;0.00,71.28,71.28;123;19.911949157714844;Spotify.exe,svchost.exe,monitor_sistema_per.exe,Spotify.exe,Widgets.exe;19.23,18.96,6.84,5.33,2.14;112.62,33.63,13.84,40.71,30.72
49;2025-04-11 07:12:43;89.02,100.00;2300,2300;90.0;58.0;Ethernet 2,Wi-Fi 2-VirtualBox NDIS Light-Weight Filter-0000,Wi-Fi 2;0.00,340.39,340.39;0.00,73.12,73.12;109;19.91832733154297;Code.exe,Code.exe,firefox.exe,Spotify.exe,firefox.exe;2.37,2.09,1.91,0.80,0.76;59.41,204.18,247.63,211.44,257.80
50;2025-04-11 07:17:44;59.74,65.56;2300,2300;88.0;63.0;Wi-Fi 2-VirtualBox NDIS Light-Weight Filter-0000,Wi-Fi 2,Ethernet 2;349.74,349.74,0.00;73.89,73.89,0.00;99;19.917139053344727;Code.exe,Code.exe,firefox.exe,firefox.exe,Spotify.exe;2.31,2.03,1.86,0.81,0.78;43.62,190.81,183.67,272.93,209.61
51;2025-04-11 07:22:46;53.36,69.22;2300,2300;86.0;63.0;Wi-Fi 2-VirtualBox NDIS Light-Weight Filter-0000,Wi-Fi 2,Ethernet 2;350.54,350.54,0.00;74.34,74.34,0.00;94;19.917299270629883;Code.exe,Code.exe,firefox.exe,firefox.exe,Spotify.exe;2.26,1.99,1.82,0.83,0.78;43.58,191.07,120.54,286.18,227.46
52;2025-04-11 07:32:59;100.00,100.00;2300,2300;85.0;59.0;Wi-Fi 2,Ethernet 2,Wi-Fi 2-VirtualBox NDIS Light-Weight Filter-0000;350.91,0.00,350.91;74.55,0.00,74.55;99;19.91792106628418;Spotify.exe,monitor_sistema_per.exe,WindowsTerminal.exe,firefox.exe,Code.exe;6.82,5.41,5.26,2.56,2.56;227.91,14.27,128.20,14.75,91.92
53;2025-04-11 17:43:30;78.87,86.75;2300,2300;57.0;0.0;Ethernet 2;0.00;0.00;49;19.96561050415039;explorer.exe,audiodg.exe,ctfmon.exe,TextInputHost.exe,Copilot.exe;0.56,0.50,0.35,0.14,0.13;202.68,15.92,20.79,68.21,36.19
54;2025-04-11 17:48:32;41.73,68.74;2300,2300;89.0;22.0;Ethernet 2;0.00;0.00;48;19.959829330444336;explorer.exe,Code.exe,ctfmon.exe,rust-analyzer.exe,Code.exe;0.54,0.35,0.33,0.28,0.21;144.21,233.40,20.66,691.27,107.86
55;2025-04-11 17:53:32;67.63,51.25;2300,2300;81.0;22.0;Ethernet 2;0.00;0.00;48;19.96006965637207;explorer.exe,Code.exe,ctfmon.exe,rust-analyzer.exe,Code.exe;0.52,0.36,0.32,0.27,0.23;125.44,192.63,19.05,691.59,96.36
56;2025-04-11 18:12:49;100.00,100.00;2300,2300;82.0;23.0;Ethernet 2;0.00;0.00;43;19.960132598876953;Code.exe,ctfmon.exe,rust-analyzer.exe,Code.exe,Spotify.exe;0.36,0.32,0.27,0.23,0.16;195.62,19.09,691.64,114.36,206.82
57;2025-04-11 18:17:54;50.99,51.65;2300,2300;87.0;26.0;Ethernet 2,Wi-Fi 2-VirtualBox NDIS Light-Weight Filter-0000,Wi-Fi 2;0.00,19.17,19.17;0.00,1.47,1.47;88;19.961633682250977;explorer.exe,Code.exe,Spotify.exe,ctfmon.exe,rust-analyzer.exe;0.51,0.38,0.31,0.31,0.26;113.94,197.44,251.57,20.37,691.61
58;2025-04-11 18:22:56;100.00,99.42;2300,2300;87.0;21.0;Ethernet 2,Wi-Fi 2-VirtualBox NDIS Light-Weight Filter-0000,Wi-Fi 2;0.00,69.41,69.41;0.00,4.54,4.54;116;19.964628219604492;WhatsApp.exe,Code.exe,explorer.exe,Code.exe,Spotify.exe;0.74,0.61,0.53,0.36,0.31;283.53,243.62,126.98,109.03,247.21
59;2025-04-11 18:27:58;32.96,20.78;2300,2300;89.0;34.0;Wi-Fi 2-VirtualBox NDIS Light-Weight Filter-0000,Ethernet 2,Wi-Fi 2;75.36,0.00,75.36;5.10,0.00,5.10;83;19.966928482055664;Code.exe,Code.exe,rust-analyzer.exe,Spotify.exe,ctfmon.exe;0.63,0.38,0.34,0.30,0.29;215.67,83.36,1281.28,199.90,20.62
60;2025-04-11 18:33:00;100.00,100.00;2300,2300;92.0;36.0;Wi-Fi 2-VirtualBox NDIS Light-Weight Filter-0000,Wi-Fi 2,Ethernet 2;91.17,91.17,0.00;6.06,6.06,0.00;93;19.977855682373047;Code.exe,Code.exe,rust-analyzer.exe,Spotify.exe,ctfmon.exe;0.60,0.36,0.32,0.32,0.28;193.97,72.02,1263.61,194.75,20.48
61;2025-04-11 18:44:59;100.00,100.00;2300,2300;95.0;38.0;Wi-Fi 2-VirtualBox NDIS Light-Weight Filter-0000,Ethernet 2,Wi-Fi 2;94.91,0.00,94.91;6.27,0.00,6.27;92;19.97850799560547;CrossDeviceService.exe,RuntimeBroker.exe,Spotify.exe,Spotify.exe,WindowsTerminal.exe;28.37,10.61,3.03,3.03,3.03;30.35,37.97,108.17,217.71,26.40
62;2025-04-11 18:50:02;39.37,65.55;2300,2300;92.0;35.0;Wi-Fi 2,Ethernet 2,Wi-Fi 2-VirtualBox NDIS Light-Weight Filter-0000;95.85,0.00,95.85;6.67,0.00,6.67;83;19.978612899780273;Code.exe,explorer.exe,Spotify.exe,Code.exe,Spotify.exe;0.57,0.48,0.38,0.34,0.33;182.54,132.42,203.35,70.36,113.84
63;2025-04-11 18:55:02;48.59,98.51;2300,2300;91.0;35.0;Wi-Fi 2,Ethernet 2,Wi-Fi 2-VirtualBox NDIS Light-Weight Filter-0000;96.23,0.00,96.23;6.79,0.00,6.79;85;19.99517059326172;Code.exe,explorer.exe,Spotify.exe,Code.exe,Spotify.exe;0.55,0.46,0.37,0.33,0.33;182.45,131.37,212.85,70.32,114.05
64;2025-04-11 19:00:03;76.53,99.38;2300,2300;92.0;36.0;Wi-Fi 2,Wi-Fi 2-VirtualBox NDIS Light-Weight Filter-0000,Ethernet 2;96.55,96.55,0.00;6.88,6.88,0.00;85;20.01650619506836;Code.exe,explorer.exe,Spotify.exe,Spotify.exe,Code.exe;0.53,0.45,0.37,0.32,0.32;183.16,132.85,216.18,113.45,70.48
65;2025-04-11 19:05:04;36.83,99.93;2300,2300;91.0;36.0;Wi-Fi 2-VirtualBox NDIS Light-Weight Filter-0000,Wi-Fi 2,Ethernet 2;96.97,96.97,0.00;6.97,6.97,0.00;83;20.01652717590332;Code.exe,explorer.exe,Spotify.exe,Spotify.exe,Code.exe;0.51,0.43,0.37,0.32,0.31;183.25,132.86,219.20,114.38,70.48
66;2025-04-11 19:10:05;95.14,99.48;2300,2300;92.0;36.0;Wi-Fi 2,Ethernet 2,Wi-Fi 2-VirtualBox NDIS Light-Weight Filter-0000;97.16,0.00,97.16;7.05,0.00,7.05;81;20.016565322875977;Code.exe,explorer.exe,Spotify.exe,Spotify.exe,Code.exe;0.49,0.42,0.37,0.31,0.30;183.18,132.83,204.05,114.96,70.47
67;2025-04-11 19:15:06;100.00,100.00;2300,2300;92.0;36.0;Wi-Fi 2-VirtualBox NDIS Light-Weight Filter-0000,Ethernet 2,Wi-Fi 2;97.65,0.00,97.65;7.17,0.00,7.17;88;20.016389846801758;Code.exe,explorer.exe,Spotify.exe,Spotify.exe,Code.exe;0.48,0.41,0.39,0.31,0.29;183.80,132.87,230.95,116.26,70.48
68;2025-04-11 19:52:38;100.00,100.00;2300,2300;92.0;38.0;Wi-Fi 2,Wi-Fi 2-VirtualBox NDIS Light-Weight Filter-0000,Ethernet 2;97.87,97.87,0.00;7.27,7.27,0.00;95;20.0166015625;msedge.exe,Code.exe,Spotify.exe,monitor_sistema_per.exe,Spotify.exe;5.88,5.88,3.92,3.92,3.92;116.69,172.08,117.27,14.64,31.99
69;2025-04-11 22:17:56;99.52,99.99;2300,2300;61.0;0.0;Wi-Fi 2-VirtualBox NDIS Light-Weight Filter-0000,Ethernet 2,Wi-Fi 2;2.36,0.00,2.36;0.47,0.00,0.47;123;19.910486221313477;Spotify.exe,Spotify.exe,explorer.exe,CrossDeviceService.exe,svchost.exe;10.23,8.44,4.15,2.92,2.38;318.75,216.56,154.22,81.45,48.75
70;2025-04-11 22:22:58;100.00,100.00;2300,2300;83.0;5.0;Wi-Fi 2-VirtualBox NDIS Light-Weight Filter-0000,Ethernet 2,Wi-Fi 2;17.89,0.00,17.90;2.96,0.00,2.96;160;19.91650390625;firefox.exe,firefox.exe,firefox.exe,Spotify.exe,Spotify.exe;5.62,5.04,3.70,3.30,2.91;319.29,223.52,128.65,237.82,212.36
71;2025-04-11 22:28:02;58.28,100.00;2300,2300;81.0;4.0;Ethernet 2,Wi-Fi 2-VirtualBox NDIS Light-Weight Filter-0000,Wi-Fi 2;0.00,55.46,55.46;0.00,5.23,5.23;118;19.9145565032959;firefox.exe,audiodg.exe,firefox.exe,plugin-container.exe,firefox.exe;6.22,4.76,4.54,3.91,3.80;210.94,47.26,320.43,93.61,109.34
72;2025-04-11 22:33:03;54.01,87.07;2300,2300;77.0;5.0;Wi-Fi 2,Ethernet 2,Wi-Fi 2-VirtualBox NDIS Light-Weight Filter-0000;87.49,0.00,87.49;7.33,0.00,7.33;109;19.914791107177734;firefox.exe,audiodg.exe,plugin-container.exe,firefox.exe,firefox.exe;6.71,6.14,5.05,4.12,3.69;236.30,46.68,110.10,336.69,121.73
73;2025-04-11 22:38:04;63.24,67.64;2300,2300;74.0;4.0;Wi-Fi 2,Ethernet 2,Wi-Fi 2-VirtualBox NDIS Light-Weight Filter-0000;149.11,0.00,149.11;9.90,0.00,9.90;109;19.91483497619629;audiodg.exe,firefox.exe,plugin-container.exe,firefox.exe,firefox.exe;7.06,7.04,6.67,3.87,3.70;46.66,219.19,89.57,314.62,101.16
74;2025-04-11 22:43:05;81.55,67.75;2300,2300;73.0;5.0;Ethernet 2,Wi-Fi 2-VirtualBox NDIS Light-Weight Filter-0000,Wi-Fi 2;0.00,212.72,212.72;0.00,12.57,12.57;110;19.914958953857422;audiodg.exe,plugin-container.exe,firefox.exe,firefox.exe,firefox.exe;7.68,7.51,7.23,3.75,3.70;46.61,109.93,243.41,114.59,285.48
75;2025-04-11 22:48:07;92.97,85.10;2300,2300;71.0;4.0;Ethernet 2,Wi-Fi 2,Wi-Fi 2-VirtualBox NDIS Light-Weight Filter-0000;0.00,288.46,288.46;0.00,15.54,15.54;103;19.914993286132812;plugin-container.exe,audiodg.exe,firefox.exe,firefox.exe,firefox.exe;8.19,8.11,7.38,3.74,3.64;95.83,30.88,216.05,97.70,278.85
76;2025-04-11 22:53:08;100.00,100.00;2300,2300;72.0;5.0;Wi-Fi 2-VirtualBox NDIS Light-Weight Filter-0000,Wi-Fi 2,Ethernet 2;314.07,314.07,0.00;17.36,17.36,0.00;91;19.915096282958984;audiodg.exe,plugin-container.exe,firefox.exe,firefox.exe,firefox.exe;8.54,8.24,7.54,3.77,3.60;30.88,103.59,222.77,106.57,281.41
77;2025-04-11 22:58:08;44.56,86.69;2300,2300;70.0;5.0;Wi-Fi 2,Ethernet 2,Wi-Fi 2-VirtualBox NDIS Light-Weight Filter-0000;346.32,0.00,346.32;19.28,0.00,19.28;91;19.91520118713379;audiodg.exe,plugin-container.exe,firefox.exe,firefox.exe,firefox.exe;8.83,8.34,7.60,3.78,3.49;30.85,61.88,215.98,98.28,262.39
78;2025-04-11 23:03:09;77.60,63.08;2300,2300;71.0;5.0;Wi-Fi 2-VirtualBox NDIS Light-Weight Filter-0000,Wi-Fi 2,Ethernet 2;383.08,383.08,0.00;21.34,21.34,0.00;91;19.915319442749023;audiodg.exe,plugin-container.exe,firefox.exe,firefox.exe,firefox.exe;9.07,8.46,7.72,3.79,3.43;30.84,55.19,208.64,89.73,263.82
79;2025-04-11 23:08:10;78.16,73.91;2300,2300;70.0;5.0;Wi-Fi 2-VirtualBox NDIS Light-Weight Filter-0000,Wi-Fi 2,Ethernet 2;415.04,415.04,0.00;23.21,23.21,0.00;89;19.91544532775879;audiodg.exe,plugin-container.exe,firefox.exe,firefox.exe,firefox.exe;9.30,8.42,7.78,3.74,3.37;30.84,47.21,199.88,92.32,259.70
80;2025-04-11 23:13:11;43.86,93.34;2300,2300;72.0;6.0;Wi-Fi 2-VirtualBox NDIS Light-Weight Filter-0000,Wi-Fi 2,Ethernet 2;441.76,441.76,0.00;25.09,25.09,0.00;96;19.915576934814453;audiodg.exe,plugin-container.exe,firefox.exe,firefox.exe,firefox.exe;9.31,8.23,7.83,3.73,3.31;46.72,50.12,202.57,89.45,265.52
81;2025-04-11 23:18:12;81.01,55.70;2300,2300;72.0;6.0;Wi-Fi 2-VirtualBox NDIS Light-Weight Filter-0000,Ethernet 2,Wi-Fi 2;485.77,0.00,485.77;27.17,0.00,27.17;100;19.91554832458496;audiodg.exe,plugin-container.exe,firefox.exe,firefox.exe,firefox.exe;9.41,8.35,7.85,3.69,3.28;30.89,56.43,211.22,93.06,260.34
82;2025-04-11 23:23:14;100.00,100.00;2300,2300;73.0;6.0;Wi-Fi 2,Ethernet 2,Wi-Fi 2-VirtualBox NDIS Light-Weight Filter-0000;535.81,0.00,535.81;29.41,0.00,29.41;94;19.9156494140625;audiodg.exe,plugin-container.exe,firefox.exe,firefox.exe,firefox.exe;9.46,8.62,7.86,3.68,3.28;30.84,56.75,218.64,94.25,277.00
83;2025-04-11 23:28:15;58.44,78.76;2300,2300;74.0;7.0;Wi-Fi 2-VirtualBox NDIS Light-Weight Filter-0000,Wi-Fi 2,Ethernet 2;594.42,594.42,0.00;32.23,32.23,0.00;92;19.915714263916016;audiodg.exe,plugin-container.exe,firefox.exe,firefox.exe,firefox.exe;9.53,8.76,7.90,3.68,3.25;46.76,59.83,239.38,93.06,282.16
84;2025-04-11 23:33:15;99.51,99.77;2300,2300;72.0;6.0;Wi-Fi 2-VirtualBox NDIS Light-Weight Filter-0000,Ethernet 2,Wi-Fi 2;635.08,0.00,635.08;34.30,0.00,34.30;92;19.915830612182617;audiodg.exe,plugin-container.exe,firefox.exe,firefox.exe,firefox.exe;9.62,8.88,7.98,3.67,3.24;46.55,39.94,179.66,78.67,285.79
85;2025-04-12 08:12:41;0.00,74.58;2300,2300;63.0;0.0;Wi-Fi 2,Wi-Fi 2-VirtualBox NDIS Light-Weight Filter-0000,Ethernet 2;2.17,2.17,0.00;0.55,0.55,0.00;188;19.906494140625;Spotify.exe,Spotify.exe,explorer.exe,svchost.exe,CrossDeviceService.exe;7.93,6.51,3.03,1.98,1.87;347.80,217.03,143.80,44.45,72.20
86;2025-04-12 08:17:43;100.00,100.00;2300,2300;75.0;0.0;Ethernet 2,Wi-Fi 2-VirtualBox NDIS Light-Weight Filter-0000,Wi-Fi 2;0.00,2.95,2.95;0.00,0.89,0.89;107;19.928312301635742;Spotify.exe,Spotify.exe,explorer.exe,svchost.exe,CrossDeviceService.exe;2.35,1.96,0.95,0.55,0.52;246.12,214.72,145.54,42.24,73.13
87;2025-04-12 10:05:24;100.00,100.00;2300,2300;74.0;0.0;Wi-Fi 2,Wi-Fi 2-VirtualBox NDIS Light-Weight Filter-0000,Ethernet 2;3.79,3.79,0.00;1.05,1.05,0.00;101;19.928787231445312;Spotify.exe,monitor_sistema_per.exe,Spotify.exe,svchost.exe,explorer.exe;5.06,2.74,2.53,2.38,2.38;216.70,13.45,41.86,44.20,154.37
88;2025-04-12 10:07:19;100.00,100.00;2300,2300;86.0;3.0;Ethernet 2,Wi-Fi 2-VirtualBox NDIS Light-Weight Filter-0000,Wi-Fi 2;0.00,11.97,11.97;0.00,2.06,2.06;146;19.92681884765625;explorer.exe,Code.exe,Code.exe,firefox.exe,Code.exe;2.07,1.62,1.19,0.93,0.88;192.64,227.87,258.36,277.21,129.96
89;2025-04-12 10:12:23;97.62,99.89;2300,2300;82.0;18.0;Ethernet 2,Wi-Fi 2-VirtualBox NDIS Light-Weight Filter-0000,Wi-Fi 2;0.00,18.42,18.42;0.00,8.13,8.13;93;19.933006286621094;Code.exe,firefox.exe,firefox.exe,explorer.exe,Code.exe;3.51,2.11,1.80,1.61,1.29;221.07,259.14,260.40,136.15,495.57
90;2025-04-12 10:17:25;69.09,79.35;2300,2300;86.0;25.0;Wi-Fi 2-VirtualBox NDIS Light-Weight Filter-0000,Wi-Fi 2,Ethernet 2;19.78,19.78,0.00;32.19,32.19,0.00;79;19.93354034423828;Code.exe,firefox.exe,firefox.exe,Code.exe,explorer.exe;2.82,2.11,1.95,1.76,1.66;190.61,237.34,239.74,154.97,212.96
91;2025-04-12 10:22:27;100.00,100.00;2300,2300;86.0;27.0;Ethernet 2,Wi-Fi 2,Wi-Fi 2-VirtualBox NDIS Light-Weight Filter-0000;0.00,21.20,21.20;0.00,57.58,57.58;65;19.933650970458984;firefox.exe,Code.exe,firefox.exe,firefox.exe,Code.exe;2.37,2.31,1.88,1.66,1.47;325.40,189.79,249.05,70.00,152.59
92;2025-04-12 10:27:30;100.00,83.38;2300,2300;95.0;32.0;Ethernet 2,Wi-Fi 2-VirtualBox NDIS Light-Weight Filter-0000,Wi-Fi 2;0.00,45.00,45.00;0.00,64.92,64.92;101;19.937538146972656;Code.exe,firefox.exe,firefox.exe,firefox.exe,Code.exe;3.91,2.77,2.46,2.40,2.18;328.11,330.21,66.59,242.42,102.36
93;2025-04-12 10:32:39;100.00,100.00;2300,2300;91.0;37.0;Wi-Fi 2,Ethernet 2,Wi-Fi 2-VirtualBox NDIS Light-Weight Filter-0000;71.90,0.00,71.90;66.51,0.00,66.51;106;19.971172332763672;Code.exe,Code.exe,Code.exe,firefox.exe,Code.exe;10.88,10.24,2.73,2.12,2.08;66.26,74.30,131.99,213.24,325.20
94;2025-04-12 10:37:43;100.00,93.57;2300,2300;81.0;29.0;Wi-Fi 2-VirtualBox NDIS Light-Weight Filter-0000,Ethernet 2,Wi-Fi 2;73.08,0.00,73.08;68.60,0.00,68.60;146;19.969470977783203;Code.exe,explorer.exe,firefox.exe,Code.exe,Code.exe;6.44,3.03,2.60,2.38,2.24;87.82,180.91,216.64,309.52,134.75
95;2025-04-12 10:42:45;86.03,63.49;2300,2300;79.0;28.0;Ethernet 2,Wi-Fi 2-VirtualBox NDIS Light-Weight Filter-0000,Wi-Fi 2;0.00,73.36,73.36;0.00,68.95,68.95;132;19.969627380371094;Code.exe,explorer.exe,Code.exe,firefox.exe,Code.exe;6.00,2.81,2.50,2.39,2.12;88.10,203.95,303.12,219.36,134.13
96;2025-04-12 10:47:45;40.28,70.97;2300,2300;81.0;29.0;Wi-Fi 2,Ethernet 2,Wi-Fi 2-VirtualBox NDIS Light-Weight Filter-0000;74.05,0.00,74.05;69.45,0.00,69.45;153;19.969942092895508;Code.exe,Code.exe,explorer.exe,firefox.exe,Code.exe;5.94,3.29,2.59,2.26,2.07;87.06,321.01,205.01,231.20,134.72
97;2025-04-12 10:52:46;75.15,30.51;2300,2300;81.0;30.0;Wi-Fi 2-VirtualBox NDIS Light-Weight Filter-0000,Wi-Fi 2,Ethernet 2;74.52,74.52,0.00;69.60,69.60,0.00;141;19.976238250732422;Code.exe,Code.exe,explorer.exe,firefox.exe,Code.exe;5.43,3.01,2.51,2.12,1.92;66.96,320.95,211.61,234.03,130.58
98;2025-04-12 10:57:47;18.43,91.25;2300,2300;81.0;30.0;Wi-Fi 2-VirtualBox NDIS Light-Weight Filter-0000,Wi-Fi 2,Ethernet 2;74.65,74.65,0.00;69.64,69.64,0.00;143;19.976259231567383;Code.exe,Code.exe,explorer.exe,firefox.exe,Code.exe;5.00,2.77,2.32,1.99,1.81;66.34,320.53,211.07,226.81,129.98
99;2025-04-12 11:02:52;44.73,84.18;2300,2300;80.0;31.0;Wi-Fi 2-VirtualBox NDIS Light-Weight Filter-0000,Ethernet 2,Wi-Fi 2;84.30,0.00,84.30;69.98,0.00,69.98;141;19.979591369628906;Code.exe,Code.exe,explorer.exe,firefox.exe,Code.exe;4.63,2.57,2.17,1.88,1.68;66.02,297.27,207.86,224.70,121.68
100;2025-04-12 11:07:53;99.70,99.60;2300,2300;78.0;31.0;Ethernet 2,Wi-Fi 2,Wi-Fi 2-VirtualBox NDIS Light-Weight Filter-0000;0.00,84.54,84.54;0.00,70.09,70.09;144;19.97959327697754;Code.exe,Code.exe,explorer.exe,firefox.exe,Code.exe;4.31,2.39,2.04,1.80,1.58;67.69,281.17,205.95,245.65,110.33
101;2025-04-12 11:12:54;97.35,99.59;2300,2300;80.0;28.0;Ethernet 2,Wi-Fi 2-VirtualBox NDIS Light-Weight Filter-0000,Wi-Fi 2;0.00,95.19,95.19;0.00,72.26,72.26;199;19.97690200805664;Code.exe,Code.exe,explorer.exe,Code.exe,Code.exe;4.05,2.27,1.99,1.50,0.76;63.55,227.23,201.01,102.75,285.79
102;2025-04-12 11:17:55;46.91,25.58;2300,2300;63.0;11.0;Ethernet 2,Wi-Fi 2-VirtualBox NDIS Light-Weight Filter-0000,Wi-Fi 2;0.00,95.79,95.79;0.00,72.85,72.85;125;19.976497650146484;Code.exe,Code.exe,explorer.exe,Code.exe,Code.exe;3.81,2.13,1.88,1.43,0.72;63.04,225.16,200.99,99.26,278.35
103;2025-04-12 11:22:59;100.00,100.00;2300,2300;78.0;15.0;Wi-Fi 2,Ethernet 2,Wi-Fi 2-VirtualBox NDIS Light-Weight Filter-0000;96.91,0.00,96.91;76.15,0.00,76.15;107;19.978849411010742;explorer.exe,firefox.exe,ctfmon.exe,Code.exe,firefox.exe;1.81,0.26,0.26,0.25,0.17;199.98,331.66,26.08,316.25,242.42
104;2025-04-12 11:27:21;100.00,100.00;2300,2300;88.0;0.0;Ethernet 2,Wi-Fi 2-VirtualBox NDIS Light-Weight Filter-0000,Wi-Fi 2;0.00,2.27,2.27;0.00,1.18,1.18;180;19.970794677734375;Code.exe,powershell.exe,firefox.exe,monitor_sistema_per.exe,WindowsTerminal.exe;21.31,12.80,6.18,3.17,3.07;384.43,76.40,271.85,13.70,78.56
105;2025-04-12 11:27:22;100.00,100.00;2300,2300;89.0;0.0;Wi-Fi 2,Ethernet 2,Wi-Fi 2-VirtualBox NDIS Light-Weight Filter-0000;2.27,0.00,2.27;1.18,0.00,1.18;179;19.970800399780273;monitor_sistema_per.exe,taskhostw.exe,audiodg.exe,Code.exe,Spotify.exe;4.84,1.71,1.69,1.69,1.63;0.03,13.33,17.20,384.43,45.96
106;2025-04-12 11:32:28;90.44,99.56;2300,2300;94.0;26.0;Ethernet 2,Wi-Fi 2,Wi-Fi 2-VirtualBox NDIS Light-Weight Filter-0000;0.00,4.37,4.37;0.00,3.13,3.13;178;19.977020263671875;Code.exe,Code.exe,Code.exe,Code.exe,Code.exe;20.91,11.75,7.50,5.46,3.74;311.38,90.87,398.48,318.66,132.30
107;2025-04-12 11:32:28;90.44,99.56;2300,2300;94.0;26.0;Ethernet 2,Wi-Fi 2-VirtualBox NDIS Light-Weight Filter-0000,Wi-Fi 2;0.00,4.37,4.37;0.00,3.13,3.13;178;19.977020263671875;Code.exe,Code.exe,Code.exe,Code.exe,Code.exe;20.91,11.75,7.50,5.46,3.74;311.38,90.87,398.48,318.66,132.30
108;2025-04-12 11:37:31;100.00,100.00;2300,2300;92.0;29.0;Ethernet 2,Wi-Fi 2-VirtualBox NDIS Light-Weight Filter-0000,Wi-Fi 2;0.00,6.79,6.79;0.00,4.19,4.19;182;19.97475242614746;Code.exe,Code.exe,Code.exe,Code.exe,firefox.exe;16.60,9.10,5.70,3.68,3.58;316.07,65.16,290.61,290.98,301.75
109;2025-04-12 11:37:31;100.00,100.00;2300,2300;92.0;29.0;Wi-Fi 2-VirtualBox NDIS Light-Weight Filter-0000,Ethernet 2,Wi-Fi 2;6.79,0.00,6.79;4.19,0.00,4.19;182;19.97475242614746;Code.exe,Code.exe,Code.exe,Code.exe,firefox.exe;16.60,9.10,5.70,3.68,3.58;316.07,65.16,290.61,290.98,301.75
110;2025-04-12 11:42:33;98.92,99.86;2300,2300;86.0;33.0;Wi-Fi 2,Ethernet 2,Wi-Fi 2-VirtualBox NDIS Light-Weight Filter-0000;7.59,0.00,7.59;4.95,0.00,4.95;164;19.97458267211914;Code.exe,Code.exe,Code.exe,firefox.exe,Code.exe;14.29,7.54,5.48,3.39,2.85;310.59,81.67,451.46,239.45,280.29
111;2025-04-12 11:42:33;99.12,99.88;2300,2300;86.0;33.0;Ethernet 2,Wi-Fi 2,Wi-Fi 2-VirtualBox NDIS Light-Weight Filter-0000;0.00,7.59,7.59;0.00,4.95,4.95;164;19.97458267211914;Code.exe,monitor_sistema_per.exe,Code.exe,Code.exe,Code.exe;14.29,12.66,7.54,2.85,2.46;310.59,14.13,81.67,280.29,102.94
112;2025-04-12 11:47:35;100.00,100.00;2300,2300;87.0;33.0;Wi-Fi 2-VirtualBox NDIS Light-Weight Filter-0000,Wi-Fi 2,Ethernet 2;8.17,8.17,0.00;5.90,5.90,0.00;159;19.97479248046875;Code.exe,Code.exe,Code.exe,firefox.exe,Code.exe;16.64,8.59,6.14,2.93,2.88;319.50,74.50,446.00,241.91,104.31
113;2025-04-12 11:47:35;100.00,100.00;2300,2300;87.0;33.0;Ethernet 2,Wi-Fi 2,Wi-Fi 2-VirtualBox NDIS Light-Weight Filter-0000;0.00,8.17,8.17;0.00,5.90,5.90;159;19.97479248046875;Code.exe,Code.exe,Code.exe,firefox.exe,Code.exe;16.64,8.59,6.14,2.93,2.88;319.50,74.50,446.00,241.91,104.31
114;2025-04-12 11:52:37;100.00,100.00;2300,2300;85.0;33.0;Wi-Fi 2-VirtualBox NDIS Light-Weight Filter-0000,Ethernet 2,Wi-Fi 2;8.56,0.00,8.56;6.52,0.00,6.52;159;19.974897384643555;Code.exe,Code.exe,Code.exe,Code.exe,firefox.exe;15.66,8.14,6.10,2.81,2.58;325.15,74.19,422.16,106.12,243.84
115;2025-04-12 11:52:37;100.00,100.00;2300,2300;85.0;33.0;Ethernet 2,Wi-Fi 2-VirtualBox NDIS Light-Weight Filter-0000,Wi-Fi 2;0.00,8.56,8.56;0.00,6.52,6.52;159;19.974897384643555;Code.exe,Code.exe,Code.exe,Code.exe,firefox.exe;15.66,8.14,6.10,2.81,2.58;325.15,74.19,422.16,106.12,243.84
116;2025-04-12 11:57:39;100.00,100.00;2300,2300;89.0;35.0;Ethernet 2,Wi-Fi 2-VirtualBox NDIS Light-Weight Filter-0000,Wi-Fi 2;0.00,9.13,9.13;0.00,6.98,6.98;164;19.975088119506836;Code.exe,Code.exe,Code.exe,firefox.exe,Code.exe;14.48,7.59,5.46,2.92,2.70;329.12,72.12,438.41,254.06,106.46
117;2025-04-12 11:57:39;100.00,100.00;2300,2300;89.0;35.0;Wi-Fi 2,Ethernet 2,Wi-Fi 2-VirtualBox NDIS Light-Weight Filter-0000;9.13,0.00,9.13;6.98,0.00,6.98;164;19.975088119506836;Code.exe,Code.exe,Code.exe,firefox.exe,Code.exe;14.48,7.59,5.46,2.92,2.70;329.12,72.12,438.41,254.06,106.46
118;2025-04-12 12:02:40;100.00,100.00;2300,2300;87.0;34.0;Wi-Fi 2-VirtualBox NDIS Light-Weight Filter-0000,Wi-Fi 2,Ethernet 2;9.39,9.39,0.00;7.23,7.23,0.00;155;19.977445602416992;firefox.exe,firefox.exe,Code.exe,TextInputHost.exe,WindowsTerminal.exe;17.82,9.90,4.75,4.26,3.96;247.02,255.85,432.41,39.93,71.21
119;2025-04-12 12:02:40;100.00,100.00;2300,2300;87.0;34.0;Wi-Fi 2-VirtualBox NDIS Light-Weight Filter-0000,Wi-Fi 2,Ethernet 2;9.39,9.39,0.00;7.23,7.23,0.00;155;19.977445602416992;Code.exe,Code.exe,TextInputHost.exe,firefox.exe,firefox.exe;13.69,4.75,4.04,2.96,2.51;295.65,432.41,39.93,247.02,255.85
120;2025-04-12 12:07:43;100.00,59.04;2300,2300;90.0;39.0;Ethernet 2,Wi-Fi 2,Wi-Fi 2-VirtualBox NDIS Light-Weight Filter-0000;0.00,17.23,17.23;0.00,7.91,7.91;155;19.977466583251953;Code.exe,Code.exe,Code.exe,firefox.exe,firefox.exe;12.15,6.15,4.20,3.52,2.72;256.33,64.69,423.96,376.18,106.01
121;2025-04-12 12:07:43;100.00,57.28;2300,2300;90.0;39.0;Wi-Fi 2-VirtualBox NDIS Light-Weight Filter-0000,Ethernet 2,Wi-Fi 2;17.23,0.00,17.23;7.91,0.00,7.91;155;19.977466583251953;Code.exe,Code.exe,Code.exe,firefox.exe,firefox.exe;12.15,6.15,4.20,3.52,2.72;256.33,64.69,423.96,376.18,106.01
122;2025-04-12 12:12:43;100.00,100.00;2300,2300;90.0;39.0;Wi-Fi 2-VirtualBox NDIS Light-Weight Filter-0000,Ethernet 2,Wi-Fi 2;17.60,0.00,17.60;8.22,0.00,8.22;155;19.977405548095703;Code.exe,Code.exe,Code.exe,firefox.exe,Spotify.exe;11.50,5.81,3.84,3.26,2.81;329.01,68.71,427.12,356.96,217.76
123;2025-04-12 12:12:43;100.00,100.00;2300,2300;90.0;39.0;Wi-Fi 2-VirtualBox NDIS Light-Weight Filter-0000,Ethernet 2,Wi-Fi 2;17.60,0.00,17.60;8.22,0.00,8.22;155;19.977405548095703;Code.exe,Code.exe,Code.exe,firefox.exe,Spotify.exe;11.50,5.80,3.84,3.26,2.81;329.01,68.71,427.12,356.96,217.76
124;2025-04-12 12:17:44;100.00,100.00;2300,2300;89.0;40.0;Ethernet 2,Wi-Fi 2-VirtualBox NDIS Light-Weight Filter-0000,Wi-Fi 2;0.00,18.01,18.01;0.00,8.58,8.58;168;19.977643966674805;Code.exe,Code.exe,Code.exe,firefox.exe,Spotify.exe;10.59,5.36,3.51,3.34,2.67;327.39,74.02,423.07,341.79,238.59
125;2025-04-12 12:17:44;100.00,100.00;2300,2300;89.0;40.0;Wi-Fi 2,Wi-Fi 2-VirtualBox NDIS Light-Weight Filter-0000,Ethernet 2;18.01,18.01,0.00;8.58,8.58,0.00;168;19.977643966674805;Code.exe,Code.exe,Code.exe,firefox.exe,Spotify.exe;10.59,5.36,3.51,3.34,2.67;327.39,74.02,423.07,341.79,238.59
126;2025-04-12 12:23:41;100.00,100.00;2300,2300;93.0;40.0;Ethernet 2,Wi-Fi 2-VirtualBox NDIS Light-Weight Filter-0000,Wi-Fi 2;0.00,18.59,18.59;0.00,8.86,8.86;181;19.978090286254883;WindowsTerminal.exe,explorer.exe,audiodg.exe,Code.exe,firefox.exe;2.32,2.31,1.70,1.54,0.77;70.92,138.25,32.34,35.09,92.19
127;2025-04-12 12:23:43;100.00,100.00;2300,2300;93.0;41.0;Wi-Fi 2,Ethernet 2,Wi-Fi 2-VirtualBox NDIS Light-Weight Filter-0000;18.61,0.00,18.61;8.87,0.00,8.87;182;19.978090286254883;ctfmon.exe,Spotify.exe,StartMenuExperienceHost.exe,explorer.exe,firefox.exe;9.05,5.03,5.00,4.98,3.35;26.14,136.04,52.86,142.15,338.78
128;2025-04-12 12:28:46;100.00,100.00;2300,2300;90.0;39.0;Ethernet 2,Wi-Fi 2-VirtualBox NDIS Light-Weight Filter-0000,Wi-Fi 2;0.00,1.98,1.98;0.00,0.85,0.85;166;19.998014450073242;audiodg.exe,Spotify.exe,Code.exe,monitor_sistema_per.exe,Code.exe;4.72,3.20,3.05,1.63,1.28;47.16,214.84,368.50,13.79,112.18
129;2025-04-12 12:28:47;100.00,100.00;2300,2300;90.0;39.0;Ethernet 2,Wi-Fi 2-VirtualBox NDIS Light-Weight Filter-0000,Wi-Fi 2;0.00,1.98,1.98;0.00,0.85,0.85;166;19.99801254272461;monitor_sistema_per.exe,audiodg.exe,firefox.exe,WindowsTerminal.exe,firefox.exe;10.13,9.09,5.56,3.57,3.57;14.32,47.16,92.91,71.63,248.39
130;2025-04-12 12:33:47;99.94,99.85;2300,2300;92.0;38.0;Wi-Fi 2-VirtualBox NDIS Light-Weight Filter-0000,Wi-Fi 2,Ethernet 2;2.45,2.45,0.00;1.33,1.33,0.00;153;19.994422912597656;Code.exe,Code.exe,Code.exe,firefox.exe,firefox.exe;9.54,5.03,3.05,3.04,2.41;363.35,70.73,394.59,353.84,92.33
131;2025-04-12 12:33:48;99.91,99.89;2300,2300;92.0;38.0;Wi-Fi 2-VirtualBox NDIS Light-Weight Filter-0000,Wi-Fi 2,Ethernet 2;2.45,2.45,0.00;1.33,1.33,0.00;153;19.994428634643555;Code.exe,Code.exe,Code.exe,firefox.exe,firefox.exe;9.54,5.03,3.05,3.04,2.41;361.91,70.58,385.30,335.07,90.77
132;2025-04-12 12:38:48;89.84,99.45;2300,2300;93.0;39.0;Wi-Fi 2-VirtualBox NDIS Light-Weight Filter-0000,Ethernet 2,Wi-Fi 2;2.90,0.00,2.90;1.84,0.00,1.84;159;19.98310661315918;Code.exe,Code.exe,firefox.exe,Code.exe,firefox.exe;9.06,4.88,3.17,2.95,2.48;367.32,93.97,332.61,363.08,91.86
133;2025-04-12 12:43:50;78.05,99.87;2300,2300;92.0;45.0;Wi-Fi 2,Ethernet 2,Wi-Fi 2-VirtualBox NDIS Light-Weight Filter-0000;4.26,0.00,4.26;2.77,0.00,2.77;190;19.98380470275879;Code.exe,Code.exe,firefox.exe,Code.exe,firefox.exe;8.94,5.16,3.14,2.85,2.45;325.95,83.48,249.65,307.14,60.30
134;2025-04-12 12:48:50;96.62,96.01;2300,2300;90.0;46.0;Ethernet 2,Wi-Fi 2,Wi-Fi 2-VirtualBox NDIS Light-Weight Filter-0000;0.00,4.61,4.61;0.00,3.20,3.20;158;19.994714736938477;Code.exe,Code.exe,firefox.exe,Code.exe,firefox.exe;8.50,4.94,3.34,2.68,2.46;328.81,88.11,259.26,302.50,82.79
135;2025-04-12 12:53:51;70.09,97.48;2300,2300;86.0;46.0;Ethernet 2,Wi-Fi 2,Wi-Fi 2-VirtualBox NDIS Light-Weight Filter-0000;0.00,4.84,4.84;0.00,3.36,3.36;149;19.994956970214844;Code.exe,Code.exe,firefox.exe,Code.exe,firefox.exe;8.49,5.41,3.17,2.57,2.37;324.15,72.29,237.79,267.60,82.39
136;2025-04-12 12:58:52;100.00,100.00;2300,2300;84.0;46.0;Wi-Fi 2,Ethernet 2,Wi-Fi 2-VirtualBox NDIS Light-Weight Filter-0000;5.26,0.00,5.26;3.74,0.00,3.74;155;19.995012283325195;Code.exe,Code.exe,firefox.exe,Code.exe,firefox.exe;8.25,5.39,3.10,2.48,2.32;257.08,66.17,232.40,305.91,69.56
137;2025-04-12 13:03:53;83.73,61.63;2300,2300;82.0;46.0;Wi-Fi 2-VirtualBox NDIS Light-Weight Filter-0000,Wi-Fi 2,Ethernet 2;5.74,5.74,0.00;3.96,3.96,0.00;164;20.002634048461914;Code.exe,Code.exe,firefox.exe,Code.exe,firefox.exe;7.83,5.11,2.95,2.36,2.20;241.31,64.77,226.71,296.10,90.27
138;2025-04-12 13:08:54;64.62,42.04;2300,2300;86.0;48.0;Wi-Fi 2,Ethernet 2,Wi-Fi 2-VirtualBox NDIS Light-Weight Filter-0000;6.21,0.00,6.21;4.48,0.00,4.48;160;20.019010543823242;Code.exe,Code.exe,firefox.exe,Code.exe,firefox.exe;7.44,4.86,2.88,2.24,2.15;241.55,64.81,247.13,296.10,70.90
139;2025-04-12 13:14:06;34.85,30.65;2300,2300;95.0;71.0;Wi-Fi 2-VirtualBox NDIS Light-Weight Filter-0000,Ethernet 2,Wi-Fi 2;7.36,0.00,7.36;5.83,0.00,5.83;175;20.154556274414062;Code.exe,WINWORD.EXE,rust-analyzer.exe,Code.exe,msedge.exe;0.43,0.41,0.36,0.14,0.04;247.80,168.86,704.08,359.98,27.25
140;2025-04-12 13:19:10;47.69,56.08;2300,2300;88.0;70.0;Wi-Fi 2,Ethernet 2,Wi-Fi 2-VirtualBox NDIS Light-Weight Filter-0000;7.94,0.00,7.94;6.09,0.00,6.09;160;20.152284622192383;Code.exe,Code.exe,firefox.exe,Code.exe,firefox.exe;6.78,4.60,2.67,2.04,1.98;64.28,60.53,119.20,2.57,44.07
141;2025-04-12 13:24:10;65.08,54.71;2300,2300;88.0;70.0;Wi-Fi 2-VirtualBox NDIS Light-Weight Filter-0000,Ethernet 2,Wi-Fi 2;8.08,0.00,8.08;6.18,0.00,6.18;151;20.15239143371582;Code.exe,Code.exe,firefox.exe,Code.exe,firefox.exe;6.49,4.45,2.55,1.95,1.91;50.39,66.10,116.66,2.58,39.05
142;2025-04-12 13:29:11;63.36,71.67;2300,2300;91.0;70.0;Wi-Fi 2,Wi-Fi 2-VirtualBox NDIS Light-Weight Filter-0000,Ethernet 2;8.40,8.40,0.00;6.35,6.35,0.00;156;20.15254783630371;Code.exe,Code.exe,firefox.exe,Code.exe,firefox.exe;6.22,4.39,2.45,1.87,1.83;59.51,66.06,117.18,2.59,54.64
143;2025-04-12 13:34:14;77.07,20.20;2300,2300;92.0;73.0;Wi-Fi 2-VirtualBox NDIS Light-Weight Filter-0000,Wi-Fi 2,Ethernet 2;8.97,8.97,0.00;6.73,6.73,0.00;172;20.15265655517578;Code.exe,Code.exe,firefox.exe,Code.exe,firefox.exe;5.99,4.45,2.35,1.80,1.77;190.15,83.57,118.05,7.84,39.25
144;2025-04-12 13:39:15;66.71,69.84;2300,2300;93.0;74.0;Ethernet 2,Wi-Fi 2-VirtualBox NDIS Light-Weight Filter-0000,Wi-Fi 2;0.00,9.44,9.44;0.00,7.03,7.03;156;20.152345657348633;Code.exe,Code.exe,firefox.exe,Code.exe,firefox.exe;5.76,4.44,2.27,1.73,1.71;192.28,77.96,119.41,7.86,38.98
145;2025-04-12 13:44:17;24.32,29.30;2300,2300;86.0;74.0;Wi-Fi 2,Ethernet 2,Wi-Fi 2-VirtualBox NDIS Light-Weight Filter-0000;10.87,0.00,10.87;7.43,0.00,7.43;160;20.152658462524414;Code.exe,Code.exe,firefox.exe,Code.exe,firefox.exe;5.58,4.31,2.18,1.67,1.65;238.28,64.73,108.11,39.59,37.24
146;2025-04-12 13:49:19;57.23,39.55;2300,2300;76.0;52.0;Wi-Fi 2-VirtualBox NDIS Light-Weight Filter-0000,Ethernet 2,Wi-Fi 2;11.27,0.00,11.27;7.73,0.00,7.73;154;20.019630432128906;Code.exe,Code.exe,firefox.exe,Code.exe,firefox.exe;5.58,4.31,2.11,1.62,1.59;311.29,86.07,77.63,124.06,36.24
147;2025-04-12 13:54:19;54.61,56.60;2300,2300;75.0;52.0;Wi-Fi 2,Wi-Fi 2-VirtualBox NDIS Light-Weight Filter-0000,Ethernet 2;11.53,11.53,0.00;7.87,7.87,0.00;156;20.019929885864258;Code.exe,Code.exe,firefox.exe,Code.exe,firefox.exe;5.48,4.24,2.04,1.57,1.54;319.21,77.34,60.22,127.38,34.14
148;2025-04-12 13:59:21;99.98,88.29;2300,2300;83.0;53.0;Wi-Fi 2,Ethernet 2,Wi-Fi 2-VirtualBox NDIS Light-Weight Filter-0000;12.22,0.00,12.22;8.49,0.00,8.49;168;19.73826789855957;Code.exe,Code.exe,firefox.exe,Code.exe,firefox.exe;5.78,4.34,1.97,1.67,1.49;326.81,87.37,57.19,338.71,34.14
